sigma_detuning_rad_per_us,candidate_id,predicted_slope,predicted_rank,heldout_task_loss,actual_rank
0.03,v01_m_0.150,0.0021629641827614066,1,1.946826935078171e-06,1
0.03,v01_m_0.100,0.0023335573612337512,2,2.1003371958535525e-06,2
0.03,v05_p_0.150,0.002378077512688037,3,2.1403842574901634e-06,3
0.03,v04_p_0.150,0.0024249293822942164,4,2.1825726794553147e-06,4
0.03,v03_p_0.150,0.0024508450824356487,5,2.2058407572229506e-06,5
0.03,v01_m_0.060,0.0024813835708403786,6,2.2333607329186165e-06,6
0.03,v00_m_0.150,0.0024854678176700062,7,2.237016437124391e-06,7
0.03,v05_p_0.100,0.0024889974248321067,8,2.2402025303239933e-06,8
0.03,v06_m_0.150,0.00250393578093977,9,2.2536319379826544e-06,9
0.03,v04_p_0.100,0.0025190671493202643,10,2.2672799843524073e-06,10
0.03,v03_p_0.100,0.0025313669355098156,11,2.2783118289007687e-06,11
0.03,v00_m_0.100,0.0025462964375888575,12,2.2917606306002833e-06,12
0.03,v06_m_0.100,0.0025704677691917865,13,2.3135097985500307e-06,13
0.03,v05_p_0.060,0.0025805929060318533,14,2.322630650458646e-06,14
0.03,v04_p_0.060,0.002598074838600084,15,2.3383725411161584e-06,15
0.03,v09_m_0.150,0.002598179477120155,16,2.338452776922383e-06,16
0.03,v01_m_0.030,0.00259903970567521,17,2.3392360276586316e-06,17
0.03,v03_p_0.060,0.002603203000384191,18,2.342965484333693e-06,18
0.03,v00_m_0.060,0.002608437590922996,19,2.3476848093816043e-06,19
0.03,v06_m_0.060,0.0026282484799633465,20,2.3655112670064467e-06,20
0.03,v02_m_0.150,0.0026291328558691873,21,2.3662938068946628e-06,21
0.03,v09_m_0.100,0.002640549195964681,22,2.3765834391574033e-06,22
0.03,v05_p_0.030,0.0026509215933501196,23,2.385920019831634e-06,23
0.03,v04_p_0.030,0.0026594522972711587,24,2.393602028412681e-06,24
0.03,v02_m_0.100,0.002659884465461282,25,2.393973832074077e-06,25
0.03,v03_p_0.030,0.002661207337828486,26,2.3951702041226193e-06,26
0.03,v00_m_0.030,0.00266248748048703,27,2.396326654503684e-06,27
0.03,v08_p_0.150,0.002662695453015118,28,2.39651396901582e-06,28
0.03,v09_m_0.060,0.0026738123520830825,29,2.4065186383394987e-06,29
0.03,v06_m_0.030,0.0026742724978934262,30,2.40693122994803e-06,30
0.03,v08_p_0.100,0.0026828804039480403,31,2.4146789466552994e-06,31
0.03,v02_m_0.060,0.0026847692125020473,32,2.416372639714815e-06,32
0.03,v09_m_0.030,0.0026983823786519423,33,2.428630069973522e-06,33
0.03,v08_p_0.060,0.0026988663387461642,34,2.4290651832320224e-06,34
0.03,v02_m_0.030,0.0027036134997437955,35,2.433334473458167e-06,35
0.03,v08_p_0.030,0.0027107739525300545,36,2.4397814626912604e-06,36
0.03,v07_m_0.150,0.002718846744964587,37,2.4470507698460727e-06,37
0.03,v07_m_0.100,0.0027196948026997347,38,2.4478125796787763e-06,38
0.03,v07_m_0.060,0.0027206726038730977,39,2.4486916650276977e-06,39
0.03,v07_m_0.030,0.002721575353969996,40,2.44950351657615e-06,40
0.03,v07_p_0.030,0.002723815756278114,41,2.4515175663585797e-06,41
0.03,v07_p_0.060,0.002725156628136105,42,2.452723478443032e-06,42
0.03,v07_p_0.100,0.0027271838121123437,43,2.4545468641354555e-06,43
0.03,v07_p_0.150,0.0027301275545843495,44,2.4571945740590106e-06,44
0.03,v08_m_0.030,0.0027344260744577298,45,2.461067103084195e-06,45
0.03,v02_p_0.030,0.002741807031414467,46,2.4677125730120265e-06,46
0.03,v08_m_0.060,0.0027461960899755056,47,2.4716596419554405e-06,47
0.03,v09_p_0.030,0.0027465300866946762,48,2.471959901754874e-06,48
0.03,v02_p_0.060,0.0027611736785893015,49,2.485144210202401e-06,49
0.03,v08_m_0.100,0.002761864903444433,50,2.485761259847648e-06,50
0.03,v09_p_0.060,0.0027700991084289583,51,2.493170783746561e-06,51
0.03,v06_p_0.030,0.0027733218360692646,52,2.496071946420464e-06,52
0.03,v08_m_0.150,0.0027814701514250473,53,2.5034055372904558e-06,53
0.03,v02_p_0.100,0.0027872932434336306,54,2.508653971877193e-06,54
0.03,v03_m_0.030,0.002787350544819489,55,2.508700328863401e-06,55
0.03,v04_m_0.030,0.0027875620284278924,56,2.508879190548148e-06,56
0.03,v00_p_0.030,0.0027885829340101864,57,2.5098044863930682e-06,57
0.03,v05_m_0.030,0.0027956759268699116,58,2.516186210776095e-06,58
0.03,v09_p_0.100,0.0028009941588358345,59,2.5209739101751424e-06,59
0.03,v02_p_0.150,0.0028204446556046037,60,2.5384930203172384e-06,60
0.03,v06_p_0.060,0.002826390149701652,61,2.5438305965662548e-06,61
0.03,v09_p_0.150,0.0028387489026115986,62,2.554950823383532e-06,62
0.03,v01_p_0.030,0.0028522248174400744,63,2.567070211052731e-06,63
0.03,v04_m_0.060,0.0028542413710308523,64,2.5688799772463e-06,64
0.03,v03_m_0.060,0.0028553019670862767,65,2.569857261304305e-06,65
0.03,v00_p_0.060,0.002860107331525974,66,2.5741712818106755e-06,66
0.03,v05_m_0.060,0.00287005907928517,67,2.5831240397851745e-06,67
0.03,v06_p_0.100,0.0029008690449749963,68,2.610857409522579e-06,68
0.03,v04_m_0.100,0.0029458066125309657,69,2.651273516907454e-06,69
0.03,v03_m_0.100,0.0029507929710792524,70,2.655799643189756e-06,70
0.03,v00_p_0.100,0.0029636854220749242,71,2.6673838844993793e-06,71
0.03,v05_m_0.100,0.0029712698135231363,72,2.6742043130924685e-06,72
0.03,v01_p_0.060,0.0029879283630629416,73,2.6891864111547563e-06,73
0.03,v06_p_0.150,0.0030000151390874308,74,2.7000830463360873e-06,74
0.03,v04_m_0.150,0.0030644317083883266,75,2.758017677755236e-06,75
0.03,v03_m_0.150,0.0030778223164551477,76,2.770126346821787e-06,76
0.03,v05_m_0.150,0.0031009869255749223,77,2.790937224256568e-06,77
0.03,v00_p_0.150,0.0031055106680666356,78,2.7950153405385047e-06,78
0.03,v01_p_0.100,0.003178485918908791,79,2.8606654303568564e-06,79
0.03,v01_p_0.150,0.0034323523329105043,80,3.0891157143414684e-06,80
0.06,v01_m_0.150,0.0021629641827614066,1,7.789217022580761e-06,1
0.06,v01_m_0.100,0.0023335573612337512,2,8.402974150966036e-06,2
0.06,v05_p_0.150,0.002378077512688037,3,8.562908912187847e-06,3
0.06,v04_p_0.150,0.0024249293822942164,4,8.731919289882993e-06,4
0.06,v03_p_0.150,0.0024508450824356487,5,8.824325045733606e-06,5
0.06,v01_m_0.060,0.0024813835708403786,6,8.934829492635394e-06,6
0.06,v00_m_0.150,0.0024854678176700062,7,8.949210870254284e-06,7
0.06,v05_p_0.100,0.0024889974248321067,8,8.962068204645797e-06,8
0.06,v06_m_0.150,0.00250393578093977,9,9.015600271758634e-06,9
0.06,v04_p_0.100,0.0025190671493202643,10,9.070547904056185e-06,10
0.06,v03_p_0.100,0.0025313669355098156,11,9.114226633475939e-06,11
0.06,v00_m_0.100,0.0025462964375888575,12,9.16816768152652e-06,12
0.06,v06_m_0.100,0.0025704677691917865,13,9.255103109456635e-06,13
0.06,v05_p_0.060,0.0025805929060318533,14,9.291684646788998e-06,14
0.06,v04_p_0.060,0.002598074838600084,15,9.35475337148059e-06,15
0.06,v09_m_0.150,0.002598179477120155,16,9.354904594075646e-06,16
0.06,v01_m_0.030,0.00259903970567521,17,9.358144931259604e-06,17
0.06,v03_p_0.060,0.002603203000384191,18,9.372854201215625e-06,18
0.06,v00_m_0.060,0.002608437590922996,19,9.391829787213918e-06,19
0.06,v06_m_0.060,0.0026282484799633465,20,9.46309324896222e-06,20
0.06,v02_m_0.150,0.0026291328558691873,21,9.466061023862328e-06,21
0.06,v09_m_0.100,0.002640549195964681,22,9.507400211415e-06,22
0.06,v05_p_0.030,0.0026509215933501196,23,9.544767142718186e-06,23
0.06,v04_p_0.030,0.0026594522972711587,24,9.575545417204707e-06,24
0.06,v02_m_0.100,0.002659884465461282,25,9.576824765584416e-06,25
0.06,v03_p_0.030,0.002661207337828486,26,9.581682084690338e-06,26
0.06,v00_m_0.030,0.00266248748048703,27,9.586360891594442e-06,27
0.06,v08_p_0.150,0.002662695453015118,28,9.58710942245672e-06,28
0.06,v09_m_0.060,0.0026738123520830825,29,9.627118694494801e-06,29
0.06,v06_m_0.030,0.0026742724978934262,30,9.628756053687506e-06,30
0.06,v08_p_0.100,0.0026828804039480403,31,9.659752258477022e-06,31
0.06,v02_m_0.060,0.0026847692125020473,32,9.666453227540764e-06,32
0.06,v09_m_0.030,0.0026983823786519423,33,9.715547287191732e-06,33
0.06,v08_p_0.060,0.0026988663387461642,34,9.71728529125381e-06,34
0.06,v02_m_0.030,0.0027036134997437955,35,9.734324455321251e-06,35
0.06,v08_p_0.030,0.0027107739525300545,36,9.760142473393289e-06,36
0.06,v07_m_0.150,0.002718846744964587,37,9.789265614203443e-06,37
0.06,v07_m_0.100,0.0027196948026997347,38,9.792295801403007e-06,38
0.06,v07_m_0.060,0.0027206726038730977,39,9.795798006823858e-06,39
0.06,v07_m_0.030,0.002721575353969996,40,9.79903457490225e-06,40
0.06,v07_p_0.030,0.002723815756278114,41,9.807068700738516e-06,41
0.06,v07_p_0.060,0.002725156628136105,42,9.811881193114504e-06,42
0.06,v07_p_0.100,0.0027271838121123437,43,9.81915985571559e-06,43
0.06,v07_p_0.150,0.0027301275545843495,44,9.829732234141287e-06,44
0.06,v08_m_0.030,0.0027344260744577298,45,9.845271672206392e-06,45
0.06,v02_p_0.030,0.002741807031414467,46,9.871881821137221e-06,46
0.06,v08_m_0.060,0.0027461960899755056,47,9.887636367576358e-06,47
0.06,v09_p_0.030,0.0027465300866946762,48,9.88883131001677e-06,48
0.06,v02_p_0.060,0.0027611736785893015,49,9.941629385173228e-06,49
0.06,v08_m_0.100,0.002761864903444433,50,9.944036788781958e-06,50
0.06,v09_p_0.060,0.0027700991084289583,51,9.973656670652351e-06,51
0.06,v06_p_0.030,0.0027733218360692646,52,9.985271100689622e-06,52
0.06,v08_m_0.150,0.0027814701514250473,53,1.0014608252931347e-05,53
0.06,v02_p_0.100,0.0027872932434336306,54,1.0035694838248941e-05,54
0.06,v03_m_0.030,0.002787350544819489,55,1.0035818223480225e-05,55
0.06,v04_m_0.030,0.0027875620284278924,56,1.0036396757174483e-05,56
0.06,v00_p_0.030,0.0027885829340101864,57,1.0040174590687756e-05,57
0.06,v05_m_0.030,0.0027956759268699116,58,1.0065674246479898e-05,58
0.06,v09_p_0.100,0.0028009941588358345,59,1.0084844417387739e-05,59
0.06,v02_p_0.150,0.0028204446556046037,60,1.0155081366670814e-05,60
0.06,v06_p_0.060,0.002826390149701652,61,1.0176274830771836e-05,61
0.06,v09_p_0.150,0.0028387489026115986,62,1.0220720280095291e-05,62
0.06,v01_p_0.030,0.0028522248174400744,63,1.026909364489146e-05,63
0.06,v04_m_0.060,0.0028542413710308523,64,1.0276268740807088e-05,64
0.06,v03_m_0.060,0.0028553019670862767,65,1.028045232218328e-05,65
0.06,v00_p_0.060,0.002860107331525974,66,1.0297581086780632e-05,66
0.06,v05_m_0.060,0.00287005907928517,67,1.0333342826198854e-05,67
0.06,v06_p_0.100,0.0029008690449749963,68,1.0444333587341481e-05,68
0.06,v04_m_0.100,0.0029458066125309657,69,1.0605665717705277e-05,69
0.06,v03_m_0.100,0.0029507929710792524,70,1.0624228511394504e-05,70
0.06,v00_p_0.100,0.0029636854220749242,71,1.0670338952193891e-05,71
0.06,v05_m_0.100,0.0029712698135231363,72,1.069754947327073e-05,72
0.06,v01_p_0.060,0.0029879283630629416,73,1.0757356402112176e-05,73
0.06,v06_p_0.150,0.0030000151390874308,74,1.0801163581472763e-05,74
0.06,v04_m_0.150,0.0030644317083883266,75,1.103241764707227e-05,75
0.06,v03_m_0.150,0.0030778223164551477,76,1.1081540227329923e-05,76
0.06,v05_m_0.150,0.0031009869255749223,77,1.1164331306005032e-05,77
0.06,v00_p_0.150,0.0031055106680666356,78,1.1180731429039514e-05,78
0.06,v01_p_0.100,0.003178485918908791,79,1.1442995036936942e-05,79
0.06,v01_p_0.150,0.0034323523329105043,80,1.2356436833741114e-05,80
0.12,v01_m_0.150,0.0021629641827614066,1,3.118734133493625e-05,1
0.12,v01_m_0.100,0.0023335573612337512,2,3.363783426733603e-05,2
0.12,v05_p_0.150,0.002378077512688037,3,3.427352462324088e-05,3
0.12,v04_p_0.150,0.0024249293822942164,4,3.4953663374242984e-05,4
0.12,v03_p_0.150,0.0024508450824356487,5,3.531264189704352e-05,5
0.12,v01_m_0.060,0.0024813835708403786,6,3.576144056752773e-05,6
0.12,v00_m_0.150,0.0024854678176700062,7,3.58150996188944e-05,7
0.12,v05_p_0.100,0.0024889974248321067,8,3.586834338407124e-05,8
0.12,v06_m_0.150,0.00250393578093977,9,3.6079507367038375e-05,9
0.12,v04_p_0.100,0.0025190671493202643,10,3.6304973945014e-05,10
0.12,v03_p_0.100,0.0025313669355098156,11,3.64725240527955e-05,11
0.12,v00_m_0.100,0.0025462964375888575,12,3.669061074732385e-05,12
0.12,v06_m_0.100,0.0025704677691917865,13,3.703738097802311e-05,13
0.12,v05_p_0.060,0.0025805929060318533,14,3.718527464644837e-05,14
0.12,v04_p_0.060,0.002598074838600084,15,3.743916436937708e-05,16
0.12,v09_m_0.150,0.002598179477120155,16,3.743705886880657e-05,15
0.12,v01_m_0.030,0.00259903970567521,17,3.745173501469774e-05,17
0.12,v03_p_0.060,0.002603203000384191,18,3.75072407592563e-05,18
0.12,v00_m_0.060,0.002608437590922996,19,3.758470872519218e-05,19
0.12,v06_m_0.060,0.0026282484799633465,20,3.786908995955566e-05,20
0.12,v02_m_0.150,0.0026291328558691873,21,3.787836677555494e-05,21
0.12,v09_m_0.100,0.002640549195964681,22,3.804660947525062e-05,22
0.12,v05_p_0.030,0.0026509215933501196,23,3.819640662853693e-05,23
0.12,v04_p_0.030,0.0026594522972711587,24,3.8320321696496745e-05,24
0.12,v02_m_0.100,0.002659884465461282,25,3.832211882791695e-05,25
0.12,v03_p_0.030,0.002661207337828486,26,3.834269586495699e-05,26
0.12,v00_m_0.030,0.00266248748048703,27,3.836225553713977e-05,27
0.12,v08_p_0.150,0.002662695453015118,28,3.836523574119318e-05,28
0.12,v09_m_0.060,0.0026738123520830825,29,3.852512697119837e-05,29
0.12,v06_m_0.030,0.0026742724978934262,30,3.8531468684729205e-05,30
0.12,v08_p_0.100,0.0026828804039480403,31,3.8655535788529214e-05,31
0.12,v02_m_0.060,0.0026847692125020473,32,3.86811635902821e-05,32
0.12,v09_m_0.030,0.0026983823786519423,33,3.88785675979078e-05,33
0.12,v08_p_0.060,0.0026988663387461642,34,3.8885478757169554e-05,34
0.12,v02_m_0.030,0.0027036134997437955,35,3.895303016313333e-05,35
0.12,v08_p_0.030,0.0027107739525300545,36,3.905678157536116e-05,36
0.12,v07_m_0.150,0.002718846744964587,37,3.917400894800858e-05,37
0.12,v07_m_0.100,0.0027196948026997347,38,3.9185857165801986e-05,38
0.12,v07_m_0.060,0.0027206726038730977,39,3.919963999513766e-05,39
0.12,v07_m_0.030,0.002721575353969996,40,3.921241309330163e-05,40
0.12,v07_p_0.030,0.002723815756278114,41,3.9244196711287666e-05,41
0.12,v07_p_0.060,0.002725156628136105,42,3.9263268398142355e-05,42
0.12,v07_p_0.100,0.0027271838121123437,43,3.929214512060613e-05,43
0.12,v07_p_0.150,0.0027301275545843495,44,3.9334139510166535e-05,44
0.12,v08_m_0.030,0.0027344260744577298,45,3.9397086614389884e-05,45
0.12,v02_p_0.030,0.002741807031414467,46,3.9503978022088606e-05,46
0.12,v08_m_0.060,0.0027461960899755056,47,3.956645904949245e-05,47
0.12,v09_p_0.030,0.0027465300866946762,48,3.957113970295744e-05,48
0.12,v02_p_0.060,0.0027611736785893015,49,3.9783303930354674e-05,49
0.12,v08_m_0.100,0.002761864903444433,50,3.979196523561258e-05,50
0.12,v09_p_0.060,0.0027700991084289583,51,3.991015091557934e-05,51
0.12,v06_p_0.030,0.0027733218360692646,52,3.9956764750355546e-05,52
0.12,v08_m_0.150,0.0027814701514250473,53,4.007416224316307e-05,53
0.12,v02_p_0.100,0.0027872932434336306,54,4.0159987707831396e-05,56
0.12,v03_m_0.030,0.002787350544819489,55,4.015948977410055e-05,54
0.12,v04_m_0.030,0.0027875620284278924,56,4.015961736997673e-05,55
0.12,v00_p_0.030,0.0027885829340101864,57,4.0175954942322253e-05,57
0.12,v05_m_0.030,0.0027956759268699116,58,4.027751605132874e-05,58
0.12,v09_p_0.100,0.0028009941588358345,59,4.03545064488984e-05,59
0.12,v02_p_0.150,0.0028204446556046037,60,4.063801851776147e-05,60
0.12,v06_p_0.060,0.002826390149701652,61,4.0720286416836574e-05,61
0.12,v09_p_0.150,0.0028387489026115986,62,4.0897502078844386e-05,62
0.12,v01_p_0.030,0.0028522248174400744,63,4.1089330848196705e-05,63
0.12,v04_m_0.060,0.0028542413710308523,64,4.1117010420644924e-05,64
0.12,v03_m_0.060,0.0028553019670862767,65,4.1138127639564464e-05,65
0.12,v00_p_0.060,0.002860107331525974,66,4.1204613561816196e-05,66
0.12,v05_m_0.060,0.00287005907928517,67,4.134686844241548e-05,67
0.12,v06_p_0.100,0.0029008690449749963,68,4.17917466900241e-05,68
0.12,v04_m_0.100,0.0029458066125309657,69,4.243176834886013e-05,69
0.12,v03_m_0.100,0.0029507929710792524,70,4.2513338545113436e-05,70
0.12,v00_p_0.100,0.0029636854220749242,71,4.2694169734384007e-05,71
0.12,v05_m_0.100,0.0029712698135231363,72,4.2801866547034526e-05,72
0.12,v01_p_0.060,0.0029879283630629416,73,4.303915401768234e-05,73
0.12,v06_p_0.150,0.0030000151390874308,74,4.3217907569573046e-05,74
0.12,v04_m_0.150,0.0030644317083883266,75,4.413518697955239e-05,75
0.12,v03_m_0.150,0.0030778223164551477,76,4.434266333297316e-05,76
0.12,v05_m_0.150,0.0031009869255749223,77,4.466660038680899e-05,77
0.12,v00_p_0.150,0.0031055106680666356,78,4.473361325751921e-05,78
0.12,v01_p_0.100,0.003178485918908791,79,4.577727602520971e-05,79
0.12,v01_p_0.150,0.0034323523329105043,80,4.942530220098892e-05,80
0.24,v01_m_0.150,0.0021629641827614066,1,0.00012523215755265145,1
0.24,v01_m_0.100,0.0023335573612337512,2,0.00013496200701450825,2
0.24,v05_p_0.150,0.002378077512688037,3,0.00013744043555972927,3
0.24,v04_p_0.150,0.0024249293822942164,4,0.00014022592394162422,4
0.24,v03_p_0.150,0.0024508450824356487,5,0.0001414928228804064,5
0.24,v01_m_0.060,0.0024813835708403786,6,0.00014339576305851085,6
0.24,v00_m_0.150,0.0024854678176700062,7,0.00014354831885992695,7
0.24,v05_p_0.100,0.0024889974248321067,8,0.00014379077225283384,8
0.24,v06_m_0.150,0.00250393578093977,9,0.00014458829844411848,9
0.24,v04_p_0.100,0.0025190671493202643,10,0.00014558027308862287,10
0.24,v03_p_0.100,0.0025313669355098156,11,0.0001461367036520801,11
0.24,v00_m_0.100,0.0025462964375888575,12,0.0001470455137305573,12
0.24,v06_m_0.100,0.0025704677691917865,13,0.00014841758437530232,13
0.24,v05_p_0.060,0.0025805929060318533,14,0.00014903407892598655,14
0.24,v04_p_0.060,0.002598074838600084,15,0.0001500752322419847,16
0.24,v09_m_0.150,0.002598179477120155,16,0.00015002377392091268,15
0.24,v01_m_0.030,0.00259903970567521,17,0.00015010975075631998,17
0.24,v03_p_0.060,0.002603203000384191,18,0.0001502788278780002,18
0.24,v00_m_0.060,0.002608437590922996,19,0.00015061330781827474,19
0.24,v06_m_0.060,0.0026282484799633465,20,0.00015174040655093556,21
0.24,v02_m_0.150,0.0026291328558691873,21,0.00015173625035270422,20
0.24,v09_m_0.100,0.002640549195964681,22,0.00015245510677028726,22
0.24,v05_p_0.030,0.0026509215933501196,23,0.00015305954444698854,23
0.24,v04_p_0.030,0.0026594522972711587,24,0.00015356791600685434,25
0.24,v02_m_0.100,0.002659884465461282,25,0.00015352233934002191,24
0.24,v03_p_0.030,0.002661207337828486,26,0.00015362291334257758,26
0.24,v00_m_0.030,0.00266248748048703,27,0.00015371443373252141,27
0.24,v08_p_0.150,0.002662695453015118,28,0.00015372598647457513,28
0.24,v09_m_0.060,0.0026738123520830825,29,0.00015436350787874687,29
0.24,v06_m_0.030,0.0026742724978934262,30,0.00015438557948093523,30
0.24,v08_p_0.100,0.0026828804039480403,31,0.00015488296518294427,31
0.24,v02_m_0.060,0.0026847692125020473,32,0.00015496695885968114,32
0.24,v09_m_0.030,0.0026983823786519423,33,0.00015577291726391832,33
0.24,v08_p_0.060,0.0026988663387461642,34,0.00015579980276736281,34
0.24,v02_m_0.030,0.0027036134997437955,35,0.00015606049352251942,35
0.24,v08_p_0.030,0.0027107739525300545,36,0.00015648306681363203,36
0.24,v07_m_0.150,0.002718846744964587,37,0.0001569637465501527,37
0.24,v07_m_0.100,0.0027196948026997347,38,0.00015700679557996617,38
0.24,v07_m_0.060,0.0027206726038730977,39,0.00015705832505191904,39
0.24,v07_m_0.030,0.002721575353969996,40,0.00015710665748810537,40
0.24,v07_p_0.030,0.002723815756278114,41,0.00015722816766756525,41
0.24,v07_p_0.060,0.002725156628136105,42,0.0001573016127189603,42
0.24,v07_p_0.100,0.0027271838121123437,43,0.00015741332681137404,43
0.24,v07_p_0.150,0.0027301275545843495,44,0.00015757659886618143,44
0.24,v08_m_0.030,0.0027344260744577298,45,0.00015784102880337292,45
0.24,v02_p_0.030,0.002741807031414467,46,0.00015827570926722748,46
0.24,v08_m_0.060,0.0027461960899755056,47,0.0001585171995647899,47
0.24,v09_p_0.030,0.0027465300866946762,48,0.00015853423825955444,48
0.24,v02_p_0.060,0.0027611736785893015,49,0.00015939835166336945,49
0.24,v08_m_0.100,0.002761864903444433,50,0.0001594177772889585,50
0.24,v09_p_0.060,0.0027700991084289583,51,0.00015988566909210674,51
0.24,v06_p_0.030,0.0027733218360692646,52,0.00016007459856393614,52
0.24,v08_m_0.150,0.0027814701514250473,53,0.0001605452409766111,53
0.24,v02_p_0.100,0.0027872932434336306,54,0.00016091179938451991,56
0.24,v03_m_0.030,0.002787350544819489,55,0.00016089402068258018,55
0.24,v04_m_0.030,0.0027875620284278924,56,0.00016085980709996527,54
0.24,v00_p_0.030,0.0027885829340101864,57,0.00016094476168411077,57
0.24,v05_m_0.030,0.0027956759268699116,58,0.00016134390368465246,58
0.24,v09_p_0.100,0.0028009941588358345,59,0.00016165680492644813,59
0.24,v02_p_0.150,0.0028204446556046037,60,0.00016283163508457572,60
0.24,v06_p_0.060,0.002826390149701652,61,0.00016312083646314286,61
0.24,v09_p_0.150,0.0028387489026115986,62,0.000163820715930889,62
0.24,v01_p_0.030,0.0028522248174400744,63,0.00016456154245510197,63
0.24,v04_m_0.060,0.0028542413710308523,64,0.0001646560959574707,64
0.24,v03_m_0.060,0.0028553019670862767,65,0.00016481017025068653,65
0.24,v00_p_0.060,0.002860107331525974,66,0.00016504415271567177,66
0.24,v05_m_0.060,0.00287005907928517,67,0.0001656002824757858,67
0.24,v06_p_0.100,0.0029008690449749963,68,0.0001673943532268143,68
0.24,v04_m_0.100,0.0029458066125309657,69,0.00016987016413115547,69
0.24,v03_m_0.100,0.0029507929710792524,70,0.00017031268243780415,70
0.24,v00_p_0.100,0.0029636854220749242,71,0.00017097911019888255,71
0.24,v05_m_0.100,0.0029712698135231363,72,0.00017139118712787912,72
0.24,v01_p_0.060,0.0029879283630629416,73,0.0001723094946680046,73
0.24,v06_p_0.150,0.0030000151390874308,74,0.00017308056411686289,74
0.24,v04_m_0.150,0.0030644317083883266,75,0.00017662681254862144,75
0.24,v03_m_0.150,0.0030778223164551477,76,0.00017763119830909913,76
0.24,v05_m_0.150,0.0031009869255749223,77,0.00017881204969033736,77
0.24,v00_p_0.150,0.0031055106680666356,78,0.00017910332118001518,78
0.24,v01_p_0.100,0.003178485918908791,79,0.00018319147780508868,79
0.24,v01_p_0.150,0.0034323523329105043,80,0.00019769225885284147,80
